JobTitle,OrganisationName,NatureOfOwnership,Industry,ApplicationType
Sr. Technical Officer,IIT,Autonomous,Higher Education,Online Application
Sr. Technical Officer,IIT,Autonomous,Higher Education,Online Application
Sr. Technical Officer,IIT,Autonomous,Higher Education,Online Application
Sr. Technical Officer,IIT,Autonomous,Higher Education,Online Application
Safety Officer,IIT,Autonomous,Higher Education,Online Application
Safety Officer,IIT,Autonomous,Higher Education,3rd Party Portal
Safety Officer,IIT,Autonomous,Higher Education,3rd Party Portal
Safety Officer,IIT,Autonomous,Higher Education,3rd Party Portal
Engineer,RITES,Central Govt Undertaking,Transportation,Postal Application
Engineer,RITES,Central Govt Undertaking,Transportation,Postal Application
Engineer,RITES,Central Govt Undertaking,Transportation,Postal Application
Engineer,RITES,Central Govt Undertaking,Transportation,Postal Application
Engineer,RITES,Central Govt Undertaking,Transportation,Postal Application
Engineer,RITES,Central Govt Undertaking,Transportation,3rd Party Portal
Engineer,RITES,Central Govt Undertaking,Transportation,3rd Party Portal
Executive,NTPC,Central Govt Undertaking,Power,Postal Application
Executive,NTPC,Central Govt Undertaking,Power,Postal Application
Executive,NTPC,Central Govt Undertaking,Power,Postal Application
Executive,NTPC,Central Govt Undertaking,Power,Postal Application
Executive,NTPC,Central Govt Undertaking,Power,Postal Application
Executive,NTPC,Central Govt Undertaking,Power,Postal Application
Executive,NTPC,Central Govt Undertaking,Power,Postal Application
Executive,NTPC,Central Govt Undertaking,Power,Postal Application
Senior Executive,NTPC,Central Govt Undertaking,Power,Postal Application
Senior Executive,NTPC,Central Govt Undertaking,Power,Postal Application
Senior Executive,NTPC,Central Govt Undertaking,Power,Postal Application
Senior Executive,NTPC,Central Govt Undertaking,Power,Postal Application
Senior Executive,NTPC,Central Govt Undertaking,Power,Postal Application
Senior Executive,NTPC,Central Govt Undertaking,Power,3rd Party Portal
Senior Executive,NTPC,Central Govt Undertaking,Power,3rd Party Portal
Senior Executive,NTPC,Central Govt Undertaking,Power,3rd Party Portal
Senior Executive,NTPC,Central Govt Undertaking,Power,3rd Party Portal
Senior Executive,NTPC,Central Govt Undertaking,Power,3rd Party Portal
Senior Executive,NTPC,Central Govt Undertaking,Power,Postal Application
Senior Executive,NTPC,Central Govt Undertaking,Power,Postal Application
Senior Executive,NTPC,Central Govt Undertaking,Power,Postal Application
Senior Executive,NTPC,Central Govt Undertaking,Power,Postal Application
Senior Executive,NTPC,Central Govt Undertaking,Power,Postal Application
Project Engineer,BEL,Central Govt Owned,Electric Machinery,Postal Application
Project Engineer,BEL,Central Govt Owned,Electric Machinery,Postal Application
Project Engineer,BEL,Central Govt Owned,Electric Machinery,3rd Party Portal
Project Engineer,BEL,Central Govt Owned,Electric Machinery,3rd Party Portal
Project Engineer,BEL,Central Govt Owned,Electric Machinery,3rd Party Portal
Project Engineer,BEL,Central Govt Owned,Electric Machinery,3rd Party Portal
Project Engineer,BEL,Central Govt Owned,Electric Machinery,3rd Party Portal
Project Engineer,BEL,Central Govt Owned,Electric Machinery,3rd Party Portal
Project Engineer,BEL,Central Govt Owned,Electric Machinery,3rd Party Portal
Project Engineer,BEL,Central Govt Owned,Electric Machinery,3rd Party Portal
Project Engineer,BEL,Central Govt Owned,Electric Machinery,3rd Party Portal
Project Engineer,BEL,Central Govt Owned,Electric Machinery,Postal Application
Project Engineer,BEL,Central Govt Owned,Electric Machinery,Postal Application
Project Engineer,BEL,Central Govt Owned,Electric Machinery,Postal Application
Project Engineer,BEL,Central Govt Owned,Electric Machinery,Online Application
Project Engineer,BEL,Central Govt Owned,Electric Machinery,Online Application
Project Engineer,BEL,Central Govt Owned,Electric Machinery,Online Application
Project Engineer,BEL,Central Govt Owned,Electric Machinery,Online Application
Project Engineer,BEL,Central Govt Owned,Electric Machinery,Online Application
Project Engineer,BEL,Central Govt Owned,Electric Machinery,Online Application
Project Engineer,BEL,Central Govt Owned,Electric Machinery,Online Application
Project Engineer,BEL,Central Govt Owned,Electric Machinery,Online Application
Project Officer,BEL,Central Govt Owned,Electric Machinery,Online Application
Project Officer,BEL,Central Govt Owned,Electric Machinery,Online Application
Project Officer,BEL,Central Govt Owned,Electric Machinery,Online Application
Project Officer,BEL,Central Govt Owned,Electric Machinery,Online Application
Project Officer,BEL,Central Govt Owned,Electric Machinery,Online Application
Project Officer,BEL,Central Govt Owned,Electric Machinery,Online Application
Project Officer,BEL,Central Govt Owned,Electric Machinery,Online Application
Project Officer,BEL,Central Govt Owned,Electric Machinery,Postal Application
Project Officer,BEL,Central Govt Owned,Electric Machinery,Postal Application
Project Officer,BEL,Central Govt Owned,Electric Machinery,Postal Application
Project Officer,BEL,Central Govt Owned,Electric Machinery,Postal Application
Project Officer,BEL,Central Govt Owned,Electric Machinery,Postal Application
Project Officer,BEL,Central Govt Owned,Electric Machinery,Postal Application
Project Officer,BEL,Central Govt Owned,Electric Machinery,Postal Application
Project Officer,BEL,Central Govt Owned,Electric Machinery,Postal Application
Project Officer,BEL,Central Govt Owned,Electric Machinery,Postal Application
Project Officer,BEL,Central Govt Owned,Electric Machinery,Postal Application
Project Officer,BEL,Central Govt Owned,Electric Machinery,Postal Application
Project Officer,BEL,Central Govt Owned,Electric Machinery,Physical Form Submission
Project Officer,BEL,Central Govt Owned,Electric Machinery,Physical Form Submission
Project Officer,BEL,Central Govt Owned,Electric Machinery,Physical Form Submission
Project Officer,BEL,Central Govt Owned,Electric Machinery,Physical Form Submission
Project Officer,BEL,Central Govt Owned,Electric Machinery,Physical Form Submission
Field Engineer,SJVN Limited,Private,Power,Online Application
Field Engineer,SJVN Limited,Private,Power,Online Application
Field Engineer,SJVN Limited,Private,Power,Online Application
Field Engineer,SJVN Limited,Private,Power,Online Application
Field Engineer,SJVN Limited,Private,Power,Online Application
Field Engineer,SJVN Limited,Private,Power,Online Application
Field Engineer,SJVN Limited,Private,Power,Physical Form Submission
Field Engineer,SJVN Limited,Private,Power,Physical Form Submission
Field Engineer,SJVN Limited,Private,Power,Physical Form Submission
Field Engineer,SJVN Limited,Private,Power,Physical Form Submission
Field Engineer,SJVN Limited,Private,Power,Physical Form Submission
Field Engineer,SJVN Limited,Private,Power,Physical Form Submission
Field Engineer,SJVN Limited,Private,Power,Physical Form Submission
Field Engineer,SJVN Limited,Private,Power,Physical Form Submission
Field Engineer,SJVN Limited,Private,Power,Physical Form Submission
Field Engineer,SJVN Limited,Private,Power,Online Application
Field Engineer,SJVN Limited,Private,Power,Online Application
Field Engineer,SJVN Limited,Private,Power,3rd Party Portal
Field Engineer,SJVN Limited,Private,Power,3rd Party Portal
Field Engineer,SJVN Limited,Private,Power,3rd Party Portal
Field Engineer,SJVN Limited,Private,Power,3rd Party Portal
Field Engineer,SJVN Limited,Private,Power,3rd Party Portal
Field Engineer,SJVN Limited,Private,Power,3rd Party Portal
Field Engineer,SJVN Limited,Private,Power,3rd Party Portal
Field Engineer,SJVN Limited,Private,Power,3rd Party Portal
Field Engineer,SJVN Limited,Private,Power,Online Application
Field Engineer,SJVN Limited,Private,Power,Online Application
Field Engineer,SJVN Limited,Private,Power,Online Application
Field Engineer,SJVN Limited,Private,Power,Online Application
Field Engineer,SJVN Limited,Private,Power,Online Application
Field Engineer,SJVN Limited,Private,Power,Online Application
Field Engineer,SJVN Limited,Private,Power,Online Application
Field Engineer,SJVN Limited,Private,Power,Online Application
Field Engineer,SJVN Limited,Private,Power,Online Application
Field Engineer,SJVN Limited,Private,Power,Online Application
Field Engineer,SJVN Limited,Private,Power,Online Application
Field Engineer,SJVN Limited,Private,Power,Online Application
Field Engineer,SJVN Limited,Private,Power,Online Application
Field Engineer,SJVN Limited,Private,Power,Online Application
Field Engineer,SJVN Limited,Private,Power,Online Application
Field Engineer,SJVN Limited,Private,Power,Online Application
Field Engineer,SJVN Limited,Private,Power,Online Application
Field Engineer,SJVN Limited,Private,Power,Physical Form Submission
Field Engineer,SJVN Limited,Private,Power,Physical Form Submission
Field Engineer,SJVN Limited,Private,Power,Physical Form Submission
Field Engineer,SJVN Limited,Private,Power,Physical Form Submission
Field Engineer,SJVN Limited,Private,Power,Physical Form Submission
Field Engineer,SJVN Limited,Private,Power,Physical Form Submission
Field Engineer,SJVN Limited,Private,Power,Physical Form Submission
Field Engineer,SJVN Limited,Private,Power,Physical Form Submission
Field Engineer,SJVN Limited,Private,Power,Physical Form Submission
Field Engineer,SJVN Limited,Private,Power,Physical Form Submission
Field Engineer,SJVN Limited,Private,Power,Physical Form Submission
Field Engineer,SJVN Limited,Private,Power,Physical Form Submission
Field Engineer,SJVN Limited,Private,Power,Physical Form Submission
Field Engineer,SJVN Limited,Private,Power,Physical Form Submission
Field Engineer,SJVN Limited,Private,Power,Physical Form Submission
Field Engineer,SJVN Limited,Private,Power,Physical Form Submission
Field Engineer,SJVN Limited,Private,Power,Physical Form Submission
Field Engineer,SJVN Limited,Private,Power,Physical Form Submission
Field Engineer,SJVN Limited,Private,Power,Physical Form Submission
Field Engineer,SJVN Limited,Private,Power,Physical Form Submission
Field Engineer,SJVN Limited,Private,Power,Physical Form Submission
Field Engineer,SJVN Limited,Private,Power,Physical Form Submission
Project Engineer,KRCL,Private,Transportation,Physical Form Submission
Project Engineer,KRCL,Private,Transportation,Physical Form Submission
Project Engineer,KRCL,Private,Transportation,Physical Form Submission
Project Engineer,KRCL,Private,Transportation,Physical Form Submission
Technical Assistant,KRCL,Private,Transportation,Physical Form Submission
Technical Assistant,KRCL,Private,Transportation,Physical Form Submission
Technical Assistant,KRCL,Private,Transportation,Physical Form Submission
Technical Assistant,KRCL,Private,Transportation,Physical Form Submission
Consultant,BECIL,Central Govt Undertaking,Media and Advertisement,Physical Form Submission
Consultant,BECIL,Central Govt Undertaking,Media and Advertisement,Physical Form Submission
Consultant,BECIL,Central Govt Undertaking,Media and Advertisement,Physical Form Submission
Consultant,BECIL,Central Govt Undertaking,Media and Advertisement,Physical Form Submission
Consultant,BECIL,Central Govt Undertaking,Media and Advertisement,Physical Form Submission
Technical Officer,BECIL,Central Govt Undertaking,Media and Advertisement,Physical Form Submission
Technical Officer,BECIL,Central Govt Undertaking,Media and Advertisement,Physical Form Submission
Technical Officer,BECIL,Central Govt Undertaking,Media and Advertisement,Physical Form Submission
Technical Officer,BECIL,Central Govt Undertaking,Media and Advertisement,Physical Form Submission
Technical Officer,BECIL,Central Govt Undertaking,Media and Advertisement,Physical Form Submission
Technical Officer,BECIL,Central Govt Undertaking,Media and Advertisement,Physical Form Submission
Technical Officer,BECIL,Central Govt Undertaking,Media and Advertisement,Physical Form Submission
Technical Officer,BECIL,Central Govt Undertaking,Media and Advertisement,Physical Form Submission
Technical Officer,BECIL,Central Govt Undertaking,Media and Advertisement,Physical Form Submission
Technical Officer,BECIL,Central Govt Undertaking,Media and Advertisement,Physical Form Submission
Junior Engineer,NHM,Central Govt Owned,Healthcare,Physical Form Submission
Junior Engineer,NHM,Central Govt Owned,Healthcare,Physical Form Submission
Junior Engineer,NHM,Central Govt Owned,Healthcare,Physical Form Submission
Junior Engineer,NHM,Central Govt Owned,Healthcare,Physical Form Submission
Junior Engineer,NHM,Central Govt Owned,Healthcare,Online Application
Junior Engineer,NHM,Central Govt Owned,Healthcare,Online Application
Assistant Engineer,WRD,Central Govt Owned,Water,Postal Application
Assistant Engineer,WRD,Central Govt Owned,Water,Postal Application
Assistant Engineer,WRD,Central Govt Owned,Water,Postal Application
Assistant Engineer,WRD,Central Govt Owned,Water,Postal Application
Assistant Engineer,WRD,Central Govt Owned,Water,Postal Application
Assistant Engineer,WRD,Central Govt Owned,Water,Postal Application
Assistant Engineer,WRD,Central Govt Owned,Water,Postal Application
Assistant Engineer,WRD,Central Govt Owned,Water,Postal Application
Assistant Engineer,WRD,Central Govt Owned,Water,Postal Application
Assistant Engineer,WRD,Central Govt Owned,Water,Postal Application
Assistant Engineer,WRD,Central Govt Owned,Water,3rd Party Portal
Assistant Engineer,WRD,Central Govt Owned,Water,3rd Party Portal
Assistant Engineer,WRD,Central Govt Owned,Water,3rd Party Portal
Assistant Engineer,WRD,Central Govt Owned,Water,3rd Party Portal
Assistant Engineer,WRD,Central Govt Owned,Water,3rd Party Portal
Assistant Engineer,WRD,Central Govt Owned,Water,3rd Party Portal
Assistant Engineer,WRD,Central Govt Owned,Water,3rd Party Portal
Assistant Engineer,WRD,Central Govt Owned,Water,3rd Party Portal
Assistant Engineer,WRD,Central Govt Owned,Water,3rd Party Portal
Assistant Engineer,WRD,Central Govt Owned,Water,3rd Party Portal
Assistant Engineer,WRD,Central Govt Owned,Water,3rd Party Portal
Assistant Engineer,WRD,Central Govt Owned,Water,3rd Party Portal
Assistant Engineer,WRD,Central Govt Owned,Water,3rd Party Portal
Assistant Engineer,WRD,Central Govt Owned,Water,3rd Party Portal
Assistant Engineer,WRD,Central Govt Owned,Water,3rd Party Portal
Assistant Engineer,WRD,Central Govt Owned,Water,3rd Party Portal
Assistant Engineer,WRD,Central Govt Owned,Water,3rd Party Portal
Assistant Engineer,WRD,Central Govt Owned,Water,3rd Party Portal
Assistant Engineer,WRD,Central Govt Owned,Water,3rd Party Portal
Assistant Engineer,WRD,Central Govt Owned,Water,3rd Party Portal
Assistant Engineer,WRD,Central Govt Owned,Water,3rd Party Portal
Assistant Engineer,WRD,Central Govt Owned,Water,3rd Party Portal
Assistant Engineer,WRD,Central Govt Owned,Water,3rd Party Portal
Assistant Engineer,WRD,Central Govt Owned,Water,3rd Party Portal
Assistant Engineer,WRD,Central Govt Owned,Water,3rd Party Portal
Assistant Engineer,WRD,Central Govt Owned,Water,3rd Party Portal
Assistant Engineer,WRD,Central Govt Owned,Water,3rd Party Portal
Assistant Engineer,WRD,Central Govt Owned,Water,3rd Party Portal
Assistant Engineer,WRD,Central Govt Owned,Water,Postal Application
Assistant Engineer,WRD,Central Govt Owned,Water,Postal Application
Assistant Engineer,WRD,Central Govt Owned,Water,Postal Application
Assistant Engineer,WRD,Central Govt Owned,Water,Postal Application
Assistant Engineer,WRD,Central Govt Owned,Water,Postal Application
Assistant Engineer,WRD,Central Govt Owned,Water,Postal Application
Assistant Engineer,WRD,Central Govt Owned,Water,Postal Application
Assistant Engineer,WRD,Central Govt Owned,Water,Postal Application
Assistant Engineer,WRD,Central Govt Owned,Water,Postal Application
Assistant Engineer,WRD,Central Govt Owned,Water,Postal Application
Assistant Engineer,WRD,Central Govt Owned,Water,Postal Application
Assistant Engineer,WRD,Central Govt Owned,Water,Postal Application
Junior Engineer ,WRD,Central Govt Owned,Water,Postal Application
Junior Engineer ,WRD,Central Govt Owned,Water,Postal Application
Junior Engineer ,WRD,Central Govt Owned,Water,Postal Application
Junior Engineer ,WRD,Central Govt Owned,Water,Postal Application
Junior Engineer ,WRD,Central Govt Owned,Water,Postal Application
Junior Engineer ,WRD,Central Govt Owned,Water,Postal Application
Junior Engineer ,WRD,Central Govt Owned,Water,Postal Application
Junior Engineer ,WRD,Central Govt Owned,Water,Postal Application
Junior Engineer ,WRD,Central Govt Owned,Water,Postal Application
Junior Engineer ,WRD,Central Govt Owned,Water,Postal Application
Junior Engineer ,WRD,Central Govt Owned,Water,Postal Application
Junior Engineer ,WRD,Central Govt Owned,Water,Postal Application
Junior Engineer ,WRD,Central Govt Owned,Water,Postal Application
Junior Engineer ,WRD,Central Govt Owned,Water,Postal Application
Junior Engineer ,WRD,Central Govt Owned,Water,Postal Application
Junior Engineer ,WRD,Central Govt Owned,Water,Postal Application
Junior Engineer ,WRD,Central Govt Owned,Water,Postal Application
Junior Engineer ,WRD,Central Govt Owned,Water,Postal Application
Junior Engineer ,WRD,Central Govt Owned,Water,Postal Application
Junior Engineer ,WRD,Central Govt Owned,Water,Postal Application
Junior Engineer ,WRD,Central Govt Owned,Water,Postal Application
Junior Engineer ,WRD,Central Govt Owned,Water,Postal Application
Junior Engineer ,WRD,Central Govt Owned,Water,Postal Application
Junior Engineer ,WRD,Central Govt Owned,Water,Postal Application
Junior Engineer ,WRD,Central Govt Owned,Water,Postal Application
Junior Engineer ,WRD,Central Govt Owned,Water,Postal Application
Junior Engineer ,WRD,Central Govt Owned,Water,Postal Application
Junior Engineer ,WRD,Central Govt Owned,Water,Postal Application
Junior Engineer ,WRD,Central Govt Owned,Water,Postal Application
Junior Engineer ,WRD,Central Govt Owned,Water,Postal Application
Junior Engineer ,WRD,Central Govt Owned,Water,Postal Application
Junior Engineer ,WRD,Central Govt Owned,Water,Postal Application
Junior Engineer ,WRD,Central Govt Owned,Water,Postal Application
Junior Engineer ,WRD,Central Govt Owned,Water,Postal Application
Junior Engineer ,WRD,Central Govt Owned,Water,Postal Application
Junior Engineer ,WRD,Central Govt Owned,Water,Postal Application
Junior Engineer ,WRD,Central Govt Owned,Water,3rd Party Portal
Junior Engineer ,WRD,Central Govt Owned,Water,3rd Party Portal
Junior Engineer ,WRD,Central Govt Owned,Water,3rd Party Portal
Junior Engineer ,WRD,Central Govt Owned,Water,3rd Party Portal
Junior Engineer ,WRD,Central Govt Owned,Water,3rd Party Portal
Junior Engineer ,WRD,Central Govt Owned,Water,3rd Party Portal
Junior Engineer ,WRD,Central Govt Owned,Water,3rd Party Portal
Junior Engineer ,WRD,Central Govt Owned,Water,3rd Party Portal
Junior Engineer ,WRD,Central Govt Owned,Water,3rd Party Portal
Junior Engineer ,WRD,Central Govt Owned,Water,3rd Party Portal
Junior Engineer ,WRD,Central Govt Owned,Water,3rd Party Portal
Junior Engineer ,WRD,Central Govt Owned,Water,3rd Party Portal
Apprentice,PGCIL,Central Govt Undertaking,Power,3rd Party Portal
Apprentice,PGCIL,Central Govt Undertaking,Power,3rd Party Portal
Apprentice,PGCIL,Central Govt Undertaking,Power,3rd Party Portal
Apprentice,PGCIL,Central Govt Undertaking,Power,3rd Party Portal
Apprentice,PGCIL,Central Govt Undertaking,Power,3rd Party Portal
Apprentice,PGCIL,Central Govt Undertaking,Power,3rd Party Portal
Apprentice,PGCIL,Central Govt Undertaking,Power,3rd Party Portal
Apprentice,PGCIL,Central Govt Undertaking,Power,3rd Party Portal
Apprentice,PGCIL,Central Govt Undertaking,Power,3rd Party Portal
Apprentice,PGCIL,Central Govt Undertaking,Power,3rd Party Portal
Project Engineer,BEL,Central Govt Owned,Electric Machinery,3rd Party Portal
Project Engineer,BEL,Central Govt Owned,Electric Machinery,3rd Party Portal
Project Engineer,BEL,Central Govt Owned,Electric Machinery,3rd Party Portal
Trainee Engineer ,BEL,Central Govt Owned,Electric Machinery,Postal Application
Trainee Engineer ,BEL,Central Govt Owned,Electric Machinery,Postal Application
Trainee Engineer ,BEL,Central Govt Owned,Electric Machinery,Postal Application
Project Manager,C-DAC,Central Govt Owned,Research,Online Application
Project Manager,C-DAC,Central Govt Owned,Research,Online Application
Project Manager,C-DAC,Central Govt Owned,Research,Online Application
Project Manager,C-DAC,Central Govt Owned,Research,Online Application
Project Manager,C-DAC,Central Govt Owned,Research,Online Application
Project Manager,C-DAC,Central Govt Owned,Research,Online Application
Project Manager,C-DAC,Central Govt Owned,Research,Online Application
Project Manager,C-DAC,Central Govt Owned,Research,Online Application
Project Manager,C-DAC,Central Govt Owned,Research,Online Application
Project Manager,C-DAC,Central Govt Owned,Research,Online Application
Project Manager,C-DAC,Central Govt Owned,Research,Physical Form Submission
Project Manager,C-DAC,Central Govt Owned,Research,Physical Form Submission
Project Manager,C-DAC,Central Govt Owned,Research,Physical Form Submission
Project Manager,C-DAC,Central Govt Owned,Research,Physical Form Submission
Project Manager,C-DAC,Central Govt Owned,Research,Physical Form Submission
Project Manager,C-DAC,Central Govt Owned,Research,Physical Form Submission
Project Manager,C-DAC,Central Govt Owned,Research,Physical Form Submission
Project Manager,C-DAC,Central Govt Owned,Research,Physical Form Submission
Project Manager,C-DAC,Central Govt Owned,Research,Physical Form Submission
Project Manager,C-DAC,Central Govt Owned,Research,Physical Form Submission
Project Manager,C-DAC,Central Govt Owned,Research,Physical Form Submission
Project Engineer,C-DAC,Central Govt Owned,Research,Physical Form Submission
Project Engineer,C-DAC,Central Govt Owned,Research,Physical Form Submission
Project Engineer,C-DAC,Central Govt Owned,Research,Physical Form Submission
Project Engineer,C-DAC,Central Govt Owned,Research,Physical Form Submission
Project Engineer,C-DAC,Central Govt Owned,Research,Physical Form Submission
Project Engineer,C-DAC,Central Govt Owned,Research,Physical Form Submission
Project Engineer,C-DAC,Central Govt Owned,Research,Physical Form Submission
Project Engineer,C-DAC,Central Govt Owned,Research,Physical Form Submission
Project Engineer,C-DAC,Central Govt Owned,Research,Physical Form Submission
Project Engineer,C-DAC,Central Govt Owned,Research,Physical Form Submission
Project Engineer,C-DAC,Central Govt Owned,Research,Physical Form Submission
Project Engineer,C-DAC,Central Govt Owned,Research,Physical Form Submission
Project Engineer,C-DAC,Central Govt Owned,Research,Physical Form Submission
Project Engineer,C-DAC,Central Govt Owned,Research,Physical Form Submission
Project Engineer,C-DAC,Central Govt Owned,Research,Physical Form Submission
Project Engineer,C-DAC,Central Govt Owned,Research,Physical Form Submission
Project Engineer,C-DAC,Central Govt Owned,Research,Physical Form Submission
Project Engineer,C-DAC,Central Govt Owned,Research,Physical Form Submission
Project Engineer,C-DAC,Central Govt Owned,Research,Physical Form Submission
Project Engineer,C-DAC,Central Govt Owned,Research,Online Application
Project Engineer,C-DAC,Central Govt Owned,Research,Online Application
Project Engineer,C-DAC,Central Govt Owned,Research,Online Application
Project Engineer,C-DAC,Central Govt Owned,Research,Online Application
Project Engineer,C-DAC,Central Govt Owned,Research,Online Application
Project Engineer,C-DAC,Central Govt Owned,Research,Online Application
Project Engineer,C-DAC,Central Govt Owned,Research,Online Application
Project Engineer,C-DAC,Central Govt Owned,Research,Online Application
Project Engineer,C-DAC,Central Govt Owned,Research,Online Application
Project Engineer,C-DAC,Central Govt Owned,Research,Online Application
Project Engineer,C-DAC,Central Govt Owned,Research,Online Application
Project Engineer,C-DAC,Central Govt Owned,Research,Online Application
Apprentice,Anna University,Autonomous,Higher Education,Online Application
Apprentice,Anna University,Autonomous,Higher Education,Online Application
Apprentice,Anna University,Autonomous,Higher Education,Online Application
Apprentice,Anna University,Autonomous,Higher Education,Online Application
Apprentice,Anna University,Autonomous,Higher Education,Online Application
Apprentice,Anna University,Autonomous,Higher Education,Online Application
Apprentice,Anna University,Autonomous,Higher Education,Physical Form Submission
Apprentice,Anna University,Autonomous,Higher Education,Physical Form Submission
Apprentice,Anna University,Autonomous,Higher Education,Physical Form Submission
Apprentice,Anna University,Autonomous,Higher Education,Physical Form Submission
Apprentice,Anna University,Autonomous,Higher Education,Physical Form Submission
Apprentice,Anna University,Autonomous,Higher Education,Physical Form Submission
Apprentice,Anna University,Autonomous,Higher Education,Physical Form Submission
Apprentice,Anna University,Autonomous,Higher Education,Physical Form Submission
Project Associate,Anna University,Autonomous,Higher Education,Physical Form Submission
Project Associate,Anna University,Autonomous,Higher Education,Physical Form Submission
Project Associate,Anna University,Autonomous,Higher Education,Physical Form Submission
Project Associate,Anna University,Autonomous,Higher Education,Physical Form Submission
Project Associate,Anna University,Autonomous,Higher Education,Physical Form Submission
Project Associate,Anna University,Autonomous,Higher Education,Physical Form Submission
Project Associate,Anna University,Autonomous,Higher Education,Physical Form Submission
Project Associate,Anna University,Autonomous,Higher Education,Physical Form Submission
Technical Assistant,Anna University,Autonomous,Higher Education,Physical Form Submission
Technical Assistant,Anna University,Autonomous,Higher Education,Physical Form Submission
Technical Assistant,Anna University,Autonomous,Higher Education,Physical Form Submission
Technical Assistant,Anna University,Autonomous,Higher Education,Physical Form Submission
Technical Assistant,Anna University,Autonomous,Higher Education,Physical Form Submission
Technical Assistant,Anna University,Autonomous,Higher Education,Physical Form Submission
Technical Assistant,Anna University,Autonomous,Higher Education,Physical Form Submission
Technical Assistant,Anna University,Autonomous,Higher Education,Physical Form Submission
Technical Assistant,Anna University,Autonomous,Higher Education,Physical Form Submission
Technical Assistant,Anna University,Autonomous,Higher Education,Physical Form Submission
Technical Assistant,Anna University,Autonomous,Higher Education,Physical Form Submission
Technical Assistant,Anna University,Autonomous,Higher Education,Physical Form Submission
Project Engineer,C-DAC,Central Govt Owned,Research,Physical Form Submission
Project Engineer,C-DAC,Central Govt Owned,Research,Physical Form Submission
Project Engineer,C-DAC,Central Govt Owned,Research,Physical Form Submission
Project Engineer,C-DAC,Central Govt Owned,Research,Physical Form Submission
Project Engineer,C-DAC,Central Govt Owned,Research,Physical Form Submission
Project Engineer,C-DAC,Central Govt Owned,Research,Physical Form Submission
Project Engineer,C-DAC,Central Govt Owned,Research,Physical Form Submission
Project Engineer,C-DAC,Central Govt Owned,Research,Physical Form Submission
Project Engineer,C-DAC,Central Govt Owned,Research,Physical Form Submission
Project Engineer,C-DAC,Central Govt Owned,Research,Physical Form Submission
Project Engineer,C-DAC,Central Govt Owned,Research,Physical Form Submission
Project Engineer,C-DAC,Central Govt Owned,Research,Physical Form Submission
Project Engineer,C-DAC,Central Govt Owned,Research,Physical Form Submission
Project Engineer,C-DAC,Central Govt Owned,Research,Physical Form Submission
Project Engineer,C-DAC,Central Govt Owned,Research,Physical Form Submission
Project Engineer,C-DAC,Central Govt Owned,Research,Physical Form Submission
Project Engineer,C-DAC,Central Govt Owned,Research,Physical Form Submission
Project Engineer,C-DAC,Central Govt Owned,Research,Physical Form Submission
Project Engineer,C-DAC,Central Govt Owned,Research,Physical Form Submission
Project Engineer,C-DAC,Central Govt Owned,Research,Physical Form Submission
Project Engineer,C-DAC,Central Govt Owned,Research,Physical Form Submission
Project Associate,C-DAC,Central Govt Owned,Research,Physical Form Submission
Project Associate,C-DAC,Central Govt Owned,Research,Physical Form Submission
Project Associate,C-DAC,Central Govt Owned,Research,Physical Form Submission
Project Associate,C-DAC,Central Govt Owned,Research,Physical Form Submission
Project Associate,C-DAC,Central Govt Owned,Research,Physical Form Submission
Project Associate,C-DAC,Central Govt Owned,Research,Physical Form Submission
Project Associate,C-DAC,Central Govt Owned,Research,Physical Form Submission
Project Associate,C-DAC,Central Govt Owned,Research,Physical Form Submission
Project Associate,C-DAC,Central Govt Owned,Research,Physical Form Submission
Project Associate,C-DAC,Central Govt Owned,Research,Physical Form Submission
Project Associate,C-DAC,Central Govt Owned,Research,Physical Form Submission
Project Associate,C-DAC,Central Govt Owned,Research,Physical Form Submission
Project Associate,C-DAC,Central Govt Owned,Research,Physical Form Submission
Project Associate,C-DAC,Central Govt Owned,Research,Physical Form Submission
Project Associate,C-DAC,Central Govt Owned,Research,Physical Form Submission
Project Associate,C-DAC,Central Govt Owned,Research,Physical Form Submission
Project Associate,C-DAC,Central Govt Owned,Research,Physical Form Submission
Project Associate,C-DAC,Central Govt Owned,Research,Physical Form Submission
Project Associate,C-DAC,Central Govt Owned,Research,Physical Form Submission
Project Associate,C-DAC,Central Govt Owned,Research,Physical Form Submission
Project Associate,C-DAC,Central Govt Owned,Research,Physical Form Submission
Project Associate,C-DAC,Central Govt Owned,Research,Physical Form Submission
Project Associate,C-DAC,Central Govt Owned,Research,Physical Form Submission
Project Associate,C-DAC,Central Govt Owned,Research,Physical Form Submission
Project Associate,C-DAC,Central Govt Owned,Research,Physical Form Submission
Project Associate,C-DAC,Central Govt Owned,Research,Physical Form Submission
Project Associate,C-DAC,Central Govt Owned,Research,Physical Form Submission
Project Associate,C-DAC,Central Govt Owned,Research,Physical Form Submission
Project Associate,C-DAC,Central Govt Owned,Research,Physical Form Submission
Project Associate,C-DAC,Central Govt Owned,Research,Physical Form Submission
Project Associate,C-DAC,Central Govt Owned,Research,Physical Form Submission
Project Associate,C-DAC,Central Govt Owned,Research,Physical Form Submission
Project Associate,C-DAC,Central Govt Owned,Research,Physical Form Submission
Project Associate,C-DAC,Central Govt Owned,Research,Physical Form Submission
Project Associate,C-DAC,Central Govt Owned,Research,Physical Form Submission
Project Associate,C-DAC,Central Govt Owned,Research,Physical Form Submission
Project Associate,C-DAC,Central Govt Owned,Research,Physical Form Submission
Project Associate,C-DAC,Central Govt Owned,Research,Physical Form Submission
Project Associate,C-DAC,Central Govt Owned,Research,Physical Form Submission
Project Associate,C-DAC,Central Govt Owned,Research,Physical Form Submission
Site Engineer,WAPCOS,Private,Consulting,Physical Form Submission
Executive Director,TCIL,Central Govt Undertaking,Telecommunication,Physical Form Submission
Executive Director,TCIL,Central Govt Undertaking,Telecommunication,Physical Form Submission
Executive Director,TCIL,Central Govt Undertaking,Telecommunication,Physical Form Submission
Executive Director,TCIL,Central Govt Undertaking,Telecommunication,Physical Form Submission
Executive Director,TCIL,Central Govt Undertaking,Telecommunication,Physical Form Submission
Executive Director,TCIL,Central Govt Undertaking,Telecommunication,Physical Form Submission
Executive Director,TCIL,Central Govt Undertaking,Telecommunication,Physical Form Submission
Executive Director,TCIL,Central Govt Undertaking,Telecommunication,Physical Form Submission
Executive Director,TCIL,Central Govt Undertaking,Telecommunication,Physical Form Submission
Executive Director,TCIL,Central Govt Undertaking,Telecommunication,Physical Form Submission
Executive Director,TCIL,Central Govt Undertaking,Telecommunication,Physical Form Submission
General Manager,TCIL,Central Govt Undertaking,Telecommunication,Physical Form Submission
General Manager,TCIL,Central Govt Undertaking,Telecommunication,Physical Form Submission
General Manager,TCIL,Central Govt Undertaking,Telecommunication,Physical Form Submission
General Manager,TCIL,Central Govt Undertaking,Telecommunication,Physical Form Submission
General Manager,TCIL,Central Govt Undertaking,Telecommunication,Physical Form Submission
General Manager,TCIL,Central Govt Undertaking,Telecommunication,Physical Form Submission
General Manager,TCIL,Central Govt Undertaking,Telecommunication,Physical Form Submission
General Manager,TCIL,Central Govt Undertaking,Telecommunication,Physical Form Submission
General Manager,TCIL,Central Govt Undertaking,Telecommunication,Physical Form Submission
General Manager,TCIL,Central Govt Undertaking,Telecommunication,Physical Form Submission
Assistant Professor,WBPSC,State Govt,Administration,Physical Form Submission
Technical Officer,C-DAC,Central Govt Owned,Research,Physical Form Submission
Technical Officer,C-DAC,Central Govt Owned,Research,Physical Form Submission
Technical Officer,C-DAC,Central Govt Owned,Research,Physical Form Submission
Technical Officer,C-DAC,Central Govt Owned,Research,Physical Form Submission
Technical Officer,C-DAC,Central Govt Owned,Research,Physical Form Submission
Technical Officer,C-DAC,Central Govt Owned,Research,Physical Form Submission
Technical Officer,C-DAC,Central Govt Owned,Research,Physical Form Submission
Technical Officer,C-DAC,Central Govt Owned,Research,Physical Form Submission
Joint Director,C-DAC,Central Govt Owned,Research,Physical Form Submission
Joint Director,C-DAC,Central Govt Owned,Research,Physical Form Submission
Joint Director,C-DAC,Central Govt Owned,Research,Physical Form Submission
Joint Director,C-DAC,Central Govt Owned,Research,Physical Form Submission
Joint Director,C-DAC,Central Govt Owned,Research,Physical Form Submission
Joint Director,C-DAC,Central Govt Owned,Research,Physical Form Submission
Joint Director,C-DAC,Central Govt Owned,Research,Physical Form Submission
Faculty Engineer,NIT Trichy,Autonomous,Higher Education,Physical Form Submission
Faculty Engineer,NIT Trichy,Autonomous,Higher Education,Physical Form Submission
Faculty Engineer,NIT Trichy,Autonomous,Higher Education,Physical Form Submission
Faculty Engineer,NIT Trichy,Autonomous,Higher Education,Physical Form Submission
Faculty Engineer,NIT Trichy,Autonomous,Higher Education,Physical Form Submission
Faculty Engineer,NIT Trichy,Autonomous,Higher Education,Physical Form Submission
Faculty Engineer,NIT Trichy,Autonomous,Higher Education,Physical Form Submission
Faculty Engineer,NIT Trichy,Autonomous,Higher Education,Physical Form Submission
Faculty Engineer,NIT Trichy,Autonomous,Higher Education,Physical Form Submission
Faculty Engineer,NIT Trichy,Autonomous,Higher Education,Physical Form Submission
Faculty Engineer,NIT Trichy,Autonomous,Higher Education,Physical Form Submission
Faculty Engineer,NIT Trichy,Autonomous,Higher Education,Physical Form Submission
Faculty Engineer,NIT Trichy,Autonomous,Higher Education,Physical Form Submission
Faculty Engineer,NIT Trichy,Autonomous,Higher Education,Physical Form Submission
Faculty Engineer,NIT Trichy,Autonomous,Higher Education,Physical Form Submission
Faculty Engineer,NIT Trichy,Autonomous,Higher Education,Physical Form Submission
Faculty Engineer,NIT Trichy,Autonomous,Higher Education,Physical Form Submission
Faculty Engineer,NIT Trichy,Autonomous,Higher Education,Physical Form Submission
Faculty Engineer,NIT Trichy,Autonomous,Higher Education,Physical Form Submission
Faculty Engineer,NIT Trichy,Autonomous,Higher Education,Physical Form Submission
Faculty Engineer,NIT Trichy,Autonomous,Higher Education,Physical Form Submission
Fixed Term Engineer,NPCIL,Central Govt Undertaking,Power,Physical Form Submission
Fixed Term Engineer,NPCIL,Central Govt Undertaking,Power,Physical Form Submission
Fixed Term Engineer,NPCIL,Central Govt Undertaking,Power,Physical Form Submission
Fixed Term Engineer,NPCIL,Central Govt Undertaking,Power,Physical Form Submission
Fixed Term Engineer,NPCIL,Central Govt Undertaking,Power,Physical Form Submission
Fixed Term Engineer,NPCIL,Central Govt Undertaking,Power,Physical Form Submission
Fixed Term Engineer,NPCIL,Central Govt Undertaking,Power,Physical Form Submission
Fixed Term Engineer,NPCIL,Central Govt Undertaking,Power,Physical Form Submission
Fixed Term Engineer,NPCIL,Central Govt Undertaking,Power,Physical Form Submission
Fixed Term Engineer,NPCIL,Central Govt Undertaking,Power,Physical Form Submission
Fixed Term Engineer,NPCIL,Central Govt Undertaking,Power,Physical Form Submission
Fixed Term Engineer,NPCIL,Central Govt Undertaking,Power,Physical Form Submission
Fixed Term Engineer,NPCIL,Central Govt Owned,Power,Physical Form Submission
Fixed Term Engineer,NPCIL,Central Govt Owned,Power,Physical Form Submission
Fixed Term Engineer,NPCIL,Central Govt Owned,Power,Physical Form Submission
Fixed Term Engineer,NPCIL,Central Govt Undertaking,Power,Physical Form Submission
Fixed Term Engineer,NPCIL,Central Govt Undertaking,Power,Physical Form Submission
Fixed Term Engineer,NPCIL,Central Govt Owned,Power,Physical Form Submission
Fixed Term Engineer,NPCIL,Central Govt Undertaking,Power,Physical Form Submission
Fixed Term Engineer,NPCIL,Central Govt Undertaking,Power,Physical Form Submission
Fixed Term Engineer,NPCIL,Central Govt Owned,Power,Physical Form Submission
Fixed Term Engineer,NPCIL,Central Govt Undertaking,Power,Physical Form Submission
Fixed Term Engineer,NPCIL,Central Govt Undertaking,Power,Physical Form Submission
Fixed Term Engineer,NPCIL,Central Govt Owned,Power,Physical Form Submission
Fixed Term Engineer,NPCIL,Central Govt Undertaking,Power,Physical Form Submission
Fixed Term Engineer,NPCIL,Central Govt Undertaking,Power,Physical Form Submission
Fixed Term Engineer,NPCIL,Central Govt Undertaking,Power,Physical Form Submission
Fixed Term Engineer,NPCIL,Central Govt Undertaking,Power,Physical Form Submission
Fixed Term Engineer,NPCIL,Central Govt Undertaking,Power,Physical Form Submission
Fixed Term Engineer,NPCIL,Central Govt Undertaking,Power,Physical Form Submission
Fixed Term Engineer,NPCIL,Central Govt Undertaking,Power,Physical Form Submission
Fixed Term Engineer,NPCIL,Central Govt Undertaking,Power,Physical Form Submission
Fixed Term Engineer,NPCIL,Central Govt Undertaking,Power,Physical Form Submission
Fixed Term Engineer,NPCIL,Central Govt Undertaking,Power,Postal Application
Fixed Term Engineer,NPCIL,Central Govt Undertaking,Power,Postal Application
Fixed Term Engineer,NPCIL,Central Govt Undertaking,Power,Postal Application
Fixed Term Engineer,NPCIL,Central Govt Undertaking,Power,Postal Application
Fixed Term Engineer,NPCIL,Central Govt Undertaking,Power,Postal Application
Fixed Term Engineer,NPCIL,Central Govt Undertaking,Power,Postal Application
Fixed Term Engineer,NPCIL,Central Govt Undertaking,Power,Postal Application
Fixed Term Engineer,NPCIL,Central Govt Undertaking,Power,Postal Application
Fixed Term Engineer,NPCIL,Central Govt Undertaking,Power,Postal Application
Fixed Term Engineer,NPCIL,Central Govt Undertaking,Power,Postal Application
Fixed Term Engineer,NPCIL,Central Govt Undertaking,Power,Postal Application
Fixed Term Engineer,NPCIL,Central Govt Undertaking,Power,Postal Application
Fixed Term Engineer,NPCIL,Central Govt Undertaking,Power,Postal Application
Fixed Term Engineer,NPCIL,Central Govt Undertaking,Power,Postal Application
Fixed Term Engineer,NPCIL,Central Govt Undertaking,Power,Postal Application
Fixed Term Engineer,NPCIL,Central Govt Undertaking,Power,Postal Application
Fixed Term Engineer,NPCIL,Central Govt Undertaking,Power,Postal Application
Fixed Term Engineer,NPCIL,Central Govt Undertaking,Power,Postal Application
Fixed Term Engineer,NPCIL,Central Govt Undertaking,Power,3rd Party Portal
Fixed Term Engineer,NPCIL,Central Govt Undertaking,Power,3rd Party Portal
Fixed Term Engineer,NPCIL,Central Govt Undertaking,Power,3rd Party Portal
Fixed Term Engineer,NPCIL,Central Govt Undertaking,Power,3rd Party Portal
Fixed Term Engineer,NPCIL,Central Govt Undertaking,Power,3rd Party Portal
Fixed Term Engineer,NPCIL,Central Govt Undertaking,Power,3rd Party Portal
Fixed Term Engineer,NPCIL,Central Govt Undertaking,Power,3rd Party Portal
Fixed Term Engineer,NPCIL,Central Govt Undertaking,Power,3rd Party Portal
Fixed Term Engineer,NPCIL,Central Govt Undertaking,Power,3rd Party Portal
Fixed Term Engineer,NPCIL,Central Govt Undertaking,Power,3rd Party Portal
Fixed Term Engineer,NPCIL,Central Govt Undertaking,Power,3rd Party Portal
Fixed Term Engineer,NPCIL,Central Govt Undertaking,Power,3rd Party Portal
Fixed Term Engineer,NPCIL,Central Govt Undertaking,Power,3rd Party Portal
Fixed Term Engineer,NPCIL,Central Govt Undertaking,Power,3rd Party Portal
Fixed Term Engineer,NPCIL,Central Govt Undertaking,Power,3rd Party Portal
Fixed Term Engineer,NPCIL,Central Govt Undertaking,Power,3rd Party Portal
Fixed Term Engineer,NPCIL,Central Govt Undertaking,Power,3rd Party Portal
Fixed Term Engineer,NPCIL,Central Govt Undertaking,Power,3rd Party Portal
Fixed Term Engineer,NPCIL,Central Govt Undertaking,Power,3rd Party Portal
Fixed Term Engineer,NPCIL,Central Govt Undertaking,Power,3rd Party Portal
Fixed Term Engineer,NPCIL,Central Govt Undertaking,Power,3rd Party Portal
Fixed Term Engineer,NPCIL,Central Govt Undertaking,Power,3rd Party Portal
Fixed Term Engineer,NPCIL,Central Govt Undertaking,Power,3rd Party Portal
Fixed Term Engineer,NPCIL,Central Govt Undertaking,Power,3rd Party Portal
Fixed Term Engineer,NPCIL,Central Govt Undertaking,Power,3rd Party Portal
Fixed Term Engineer,NPCIL,Central Govt Undertaking,Power,3rd Party Portal
Fixed Term Engineer,NPCIL,Central Govt Undertaking,Power,3rd Party Portal
Fixed Term Engineer,NPCIL,Central Govt Undertaking,Power,3rd Party Portal
Fixed Term Engineer,NPCIL,Central Govt Undertaking,Power,3rd Party Portal
Fixed Term Engineer,NPCIL,Central Govt Undertaking,Power,3rd Party Portal
Fixed Term Engineer,NPCIL,Central Govt Undertaking,Power,3rd Party Portal
Fixed Term Engineer,NPCIL,Central Govt Undertaking,Power,3rd Party Portal
Fixed Term Engineer,NPCIL,Central Govt Undertaking,Power,3rd Party Portal
Fixed Term Engineer,NPCIL,Central Govt Undertaking,Power,3rd Party Portal
Fixed Term Engineer,NPCIL,Central Govt Undertaking,Power,3rd Party Portal
Fixed Term Engineer,NPCIL,Central Govt Undertaking,Power,3rd Party Portal
Fixed Term Engineer,NPCIL,Central Govt Undertaking,Power,3rd Party Portal
Fixed Term Engineer,NPCIL,Central Govt Undertaking,Power,Postal Application
Fixed Term Engineer,NPCIL,Central Govt Undertaking,Power,Postal Application
Fixed Term Engineer,NPCIL,Central Govt Undertaking,Power,Postal Application
Fixed Term Engineer,NPCIL,Central Govt Undertaking,Power,Postal Application
Fixed Term Engineer,NPCIL,Central Govt Undertaking,Power,Postal Application
Fixed Term Engineer,NPCIL,Central Govt Undertaking,Power,Postal Application
Fixed Term Engineer,NPCIL,Central Govt Undertaking,Power,Postal Application
Fixed Term Engineer,NPCIL,Central Govt Undertaking,Power,Postal Application
Fixed Term Engineer,NPCIL,Central Govt Undertaking,Power,Postal Application
Fixed Term Engineer,NPCIL,Central Govt Undertaking,Power,Postal Application
Fixed Term Engineer,NPCIL,Central Govt Undertaking,Power,Postal Application
Fixed Term Engineer,NPCIL,Central Govt Undertaking,Power,Postal Application
Fixed Term Engineer,NPCIL,Central Govt Undertaking,Power,Postal Application
Fixed Term Engineer,NPCIL,Central Govt Undertaking,Power,Postal Application
Fixed Term Engineer,NPCIL,Central Govt Undertaking,Power,Postal Application
Fixed Term Engineer,NPCIL,Central Govt Undertaking,Power,Postal Application
Fixed Term Engineer,NPCIL,Central Govt Undertaking,Power,Postal Application
Fixed Term Engineer,NPCIL,Central Govt Undertaking,Power,Postal Application
Fixed Term Engineer,NPCIL,Central Govt Undertaking,Power,Postal Application
Fixed Term Engineer,NPCIL,Central Govt Undertaking,Power,Postal Application
Fixed Term Engineer,NPCIL,Central Govt Undertaking,Power,Postal Application
Fixed Term Engineer,NPCIL,Central Govt Undertaking,Power,Postal Application
Fixed Term Engineer,NPCIL,Central Govt Undertaking,Power,Postal Application
Fixed Term Engineer,NPCIL,Central Govt Undertaking,Power,Postal Application
Fixed Term Engineer,NPCIL,Central Govt Undertaking,Power,Postal Application
Fixed Term Engineer,NPCIL,Central Govt Undertaking,Power,Postal Application
Fixed Term Engineer,NPCIL,Central Govt Undertaking,Power,Postal Application
Fixed Term Engineer,NPCIL,Central Govt Undertaking,Power,Postal Application
Fixed Term Engineer,NPCIL,Central Govt Undertaking,Power,Postal Application
Fixed Term Engineer,NPCIL,Central Govt Undertaking,Power,Postal Application
Fixed Term Engineer,NPCIL,Central Govt Undertaking,Power,Postal Application
Fixed Term Engineer,NPCIL,Central Govt Undertaking,Power,Postal Application
Fixed Term Engineer,NPCIL,Central Govt Undertaking,Power,Postal Application
Fixed Term Engineer,NPCIL,Central Govt Undertaking,Power,Postal Application
Fixed Term Engineer,NPCIL,Central Govt Undertaking,Power,Postal Application
Fixed Term Engineer,NPCIL,Central Govt Undertaking,Power,Physical Form Submission
Fixed Term Engineer,NPCIL,Central Govt Undertaking,Power,Physical Form Submission
Fixed Term Engineer,NPCIL,Central Govt Undertaking,Power,Physical Form Submission
Fixed Term Engineer,NPCIL,Central Govt Undertaking,Power,Physical Form Submission
Fixed Term Engineer,NPCIL,Central Govt Undertaking,Power,Physical Form Submission
Fixed Term Engineer,NPCIL,Central Govt Undertaking,Power,Physical Form Submission
Fixed Term Engineer,NPCIL,Central Govt Undertaking,Power,Physical Form Submission
Fixed Term Engineer,NPCIL,Central Govt Undertaking,Power,Physical Form Submission
Fixed Term Engineer,NPCIL,Central Govt Undertaking,Power,Physical Form Submission
Fixed Term Engineer,NPCIL,Central Govt Undertaking,Power,Physical Form Submission
Fixed Term Engineer,NPCIL,Central Govt Undertaking,Power,Physical Form Submission
Fixed Term Engineer,NPCIL,Central Govt Undertaking,Power,Physical Form Submission
Fixed Term Engineer,NPCIL,Central Govt Undertaking,Power,Physical Form Submission
Fixed Term Engineer,NPCIL,Central Govt Undertaking,Power,Physical Form Submission
Project Assistant ,CSIR,Central Govt Owned,Research,Physical Form Submission
Project Assistant ,CSIR,Central Govt Owned,Research,Physical Form Submission
Project Assistant ,CSIR,Central Govt Owned,Research,Physical Form Submission
Project Assistant ,CSIR,Central Govt Owned,Research,Physical Form Submission
Project Assistant ,CSIR,Central Govt Owned,Research,Physical Form Submission
Project Assistant ,CSIR,Central Govt Owned,Research,Physical Form Submission
Project Assistant ,CSIR,Central Govt Owned,Research,Physical Form Submission
Project Assistant ,CSIR,Central Govt Owned,Research,Physical Form Submission
Project Assistant ,CSIR,Central Govt Owned,Research,Physical Form Submission
Project Assistant ,CSIR,Central Govt Owned,Research,Physical Form Submission
Project Assistant ,CSIR,Central Govt Owned,Research,Physical Form Submission
Project Assistant ,CSIR,Central Govt Owned,Research,Physical Form Submission
Project Assistant ,CSIR,Central Govt Owned,Research,Physical Form Submission
Project Assistant ,CSIR,Central Govt Owned,Research,Physical Form Submission
Project Assistant ,CSIR,Central Govt Owned,Research,Physical Form Submission
Project Assistant ,CSIR,Central Govt Owned,Research,Physical Form Submission
Project Assistant ,CSIR,Central Govt Owned,Research,Physical Form Submission
Project Associate,CSIR,Central Govt Owned,Research,Physical Form Submission
Project Associate,CSIR,Central Govt Owned,Research,Physical Form Submission
Project Associate,CSIR,Central Govt Owned,Research,Physical Form Submission
Project Associate,CSIR,Central Govt Owned,Research,Physical Form Submission
Project Associate,CSIR,Central Govt Owned,Research,Physical Form Submission
Project Associate,CSIR,Central Govt Owned,Research,Physical Form Submission
Project Associate,CSIR,Central Govt Owned,Research,Physical Form Submission
Project Associate,CSIR,Central Govt Owned,Research,Physical Form Submission
Project Associate,CSIR,Central Govt Owned,Research,Physical Form Submission
Project Associate,CSIR,Central Govt Owned,Research,Physical Form Submission
Project Associate,CSIR,Central Govt Owned,Research,Physical Form Submission
Project Associate,CSIR,Central Govt Owned,Research,Physical Form Submission
Project Associate,CSIR,Central Govt Owned,Research,Physical Form Submission
Project Associate,CSIR,Central Govt Owned,Research,Physical Form Submission
Executive,DFCCIL,Central Govt Undertaking,Freight,Physical Form Submission
Executive,DFCCIL,Central Govt Undertaking,Freight,Physical Form Submission
Executive,DFCCIL,Central Govt Undertaking,Freight,Physical Form Submission
Executive,DFCCIL,Central Govt Undertaking,Freight,Physical Form Submission
Executive,DFCCIL,Central Govt Undertaking,Freight,Physical Form Submission
Executive,DFCCIL,Central Govt Undertaking,Freight,Physical Form Submission
Executive,DFCCIL,Central Govt Undertaking,Freight,Physical Form Submission
Executive,DFCCIL,Central Govt Undertaking,Freight,Physical Form Submission
Executive,DFCCIL,Central Govt Undertaking,Freight,Physical Form Submission
Executive,DFCCIL,Central Govt Undertaking,Freight,Physical Form Submission
Executive,DFCCIL,Central Govt Undertaking,Freight,Physical Form Submission
Executive,DFCCIL,Central Govt Undertaking,Freight,Physical Form Submission
Executive,DFCCIL,Central Govt Undertaking,Freight,Physical Form Submission
Executive,DFCCIL,Central Govt Undertaking,Freight,Physical Form Submission
Executive,DFCCIL,Central Govt Undertaking,Freight,Physical Form Submission
Executive,DFCCIL,Central Govt Undertaking,Freight,Physical Form Submission
Executive,DFCCIL,Central Govt Undertaking,Freight,Physical Form Submission
Executive,DFCCIL,Central Govt Undertaking,Freight,Physical Form Submission
Executive,DFCCIL,Central Govt Undertaking,Freight,Physical Form Submission
Executive,DFCCIL,Central Govt Undertaking,Freight,Physical Form Submission
Executive,DFCCIL,Central Govt Undertaking,Freight,Physical Form Submission
Junior Executive,DFCCIL,Central Govt Undertaking,Freight,Physical Form Submission
Junior Executive,DFCCIL,Central Govt Undertaking,Freight,Physical Form Submission
Junior Executive,DFCCIL,Central Govt Undertaking,Freight,Physical Form Submission
Junior Executive,DFCCIL,Central Govt Undertaking,Freight,Physical Form Submission
Junior Executive,DFCCIL,Central Govt Undertaking,Freight,Physical Form Submission
Junior Executive,DFCCIL,Central Govt Undertaking,Freight,Physical Form Submission
Junior Executive,DFCCIL,Central Govt Undertaking,Freight,Physical Form Submission
Junior Executive,DFCCIL,Central Govt Undertaking,Freight,Physical Form Submission
Junior Executive,DFCCIL,Central Govt Undertaking,Freight,Postal Application
Junior Executive,DFCCIL,Central Govt Undertaking,Freight,Postal Application
Junior Executive,DFCCIL,Central Govt Undertaking,Freight,Postal Application
Junior Executive,DFCCIL,Central Govt Undertaking,Freight,Postal Application
Junior Executive,DFCCIL,Central Govt Undertaking,Freight,Postal Application
Junior Executive,DFCCIL,Central Govt Undertaking,Freight,Postal Application
Junior Executive,DFCCIL,Central Govt Undertaking,Freight,Postal Application
Junior Executive,DFCCIL,Central Govt Undertaking,Freight,Postal Application
Junior Executive,DFCCIL,Central Govt Undertaking,Freight,Postal Application
Junior Executive,DFCCIL,Central Govt Undertaking,Freight,Postal Application
Junior Executive,DFCCIL,Central Govt Undertaking,Freight,Postal Application
Junior Executive,DFCCIL,Central Govt Undertaking,Freight,Postal Application
Junior Executive,DFCCIL,Central Govt Undertaking,Freight,Postal Application
Junior Executive,DFCCIL,Central Govt Undertaking,Freight,Postal Application
Junior Executive,DFCCIL,Central Govt Undertaking,Freight,Postal Application
Junior Executive,DFCCIL,Central Govt Undertaking,Freight,Postal Application
Junior Executive,DFCCIL,Central Govt Undertaking,Freight,Postal Application
Junior Executive,DFCCIL,Central Govt Undertaking,Freight,Postal Application
Junior Executive,DFCCIL,Central Govt Undertaking,Freight,Postal Application
Junior Executive,DFCCIL,Central Govt Undertaking,Freight,Postal Application
Junior Executive,DFCCIL,Central Govt Undertaking,Freight,Postal Application
Junior Executive,DFCCIL,Central Govt Undertaking,Freight,Postal Application
Junior Executive,DFCCIL,Central Govt Undertaking,Freight,Postal Application
Junior Manager,DFCCIL,Central Govt Undertaking,Freight,Postal Application
Junior Manager,DFCCIL,Central Govt Undertaking,Freight,Postal Application
Junior Manager,DFCCIL,Central Govt Undertaking,Freight,Postal Application
Junior Manager,DFCCIL,Central Govt Undertaking,Freight,Postal Application
Junior Manager,DFCCIL,Central Govt Undertaking,Freight,Postal Application
Junior Manager,DFCCIL,Central Govt Undertaking,Freight,Postal Application
Junior Manager,DFCCIL,Central Govt Undertaking,Freight,Postal Application
Junior Manager,DFCCIL,Central Govt Undertaking,Freight,Postal Application
Junior Manager,DFCCIL,Central Govt Undertaking,Freight,Postal Application
Junior Manager,DFCCIL,Central Govt Undertaking,Freight,Postal Application
Junior Manager,DFCCIL,Central Govt Undertaking,Freight,Postal Application
Junior Manager,DFCCIL,Central Govt Undertaking,Freight,Postal Application
Junior Manager,DFCCIL,Central Govt Undertaking,Freight,Postal Application
Junior Manager,DFCCIL,Central Govt Undertaking,Freight,Postal Application
Junior Manager,DFCCIL,Central Govt Undertaking,Freight,Postal Application
Junior Manager,DFCCIL,Central Govt Undertaking,Freight,Postal Application
Junior Manager,DFCCIL,Central Govt Undertaking,Freight,Postal Application
Junior Manager,DFCCIL,Central Govt Undertaking,Freight,Postal Application
Junior Manager,DFCCIL,Central Govt Undertaking,Freight,Postal Application
Junior Manager,DFCCIL,Central Govt Undertaking,Freight,Postal Application
Junior Manager,DFCCIL,Central Govt Undertaking,Freight,Postal Application
Junior Manager,DFCCIL,Central Govt Undertaking,Freight,Postal Application
Junior Manager,DFCCIL,Central Govt Undertaking,Freight,Postal Application
Junior Manager,DFCCIL,Central Govt Undertaking,Freight,Postal Application
Junior Manager,DFCCIL,Central Govt Undertaking,Freight,Postal Application
Junior Manager,DFCCIL,Central Govt Undertaking,Freight,Postal Application
Junior Manager,DFCCIL,Central Govt Undertaking,Freight,Postal Application
Junior Manager,DFCCIL,Central Govt Undertaking,Freight,Postal Application
Junior Manager,DFCCIL,Central Govt Undertaking,Freight,Postal Application
Junior Manager,DFCCIL,Central Govt Undertaking,Freight,Postal Application
Junior Manager,DFCCIL,Central Govt Undertaking,Freight,Postal Application
Junior Manager,DFCCIL,Central Govt Undertaking,Freight,Postal Application
Junior Manager,DFCCIL,Central Govt Undertaking,Freight,Postal Application
Engineering Assistant,ISI,Autonomous,Higher Education,Online Application
Engineering Assistant,ISI,Autonomous,Higher Education,Online Application
Engineering Assistant,ISI,Autonomous,Higher Education,Online Application
Engineering Assistant,ISI,Autonomous,Higher Education,Online Application
Engineering Assistant,ISI,Autonomous,Higher Education,Online Application
Engineering Assistant,ISI,Autonomous,Higher Education,Online Application
Engineering Assistant,ISI,Autonomous,Higher Education,Online Application
Engineering Assistant,ISI,Autonomous,Higher Education,Online Application
Engineering Assistant,ISI,Autonomous,Higher Education,Online Application
Engineer,ISI,Autonomous,Higher Education,Online Application
Engineer,ISI,Autonomous,Higher Education,Online Application
Engineer,ISI,Autonomous,Higher Education,Online Application
Engineer,ISI,Autonomous,Higher Education,Online Application
Engineer,ISI,Autonomous,Higher Education,Online Application
Engineer,ISI,Autonomous,Higher Education,3rd Party Portal
Engineer,ISI,Autonomous,Higher Education,3rd Party Portal
Engineer,ISI,Autonomous,Higher Education,3rd Party Portal
Engineer,ISI,Autonomous,Higher Education,3rd Party Portal
Apprentice,CSIR,Central Govt Owned,Research,3rd Party Portal
Apprentice,CSIR,Central Govt Owned,Research,3rd Party Portal
Apprentice,CSIR,Central Govt Owned,Research,3rd Party Portal
Apprentice,CSIR,Central Govt Owned,Research,3rd Party Portal
Apprentice,CSIR,Central Govt Owned,Research,3rd Party Portal
Apprentice,CSIR,Central Govt Owned,Research,3rd Party Portal
Apprentice,CSIR,Central Govt Owned,Research,3rd Party Portal
Apprentice,CSIR,Central Govt Owned,Research,3rd Party Portal
Apprentice,CSIR,Central Govt Owned,Research,3rd Party Portal
Apprentice,CSIR,Central Govt Owned,Research,3rd Party Portal
Apprentice,CSIR,Central Govt Owned,Research,3rd Party Portal
Apprentice,CSIR,Central Govt Owned,Research,Online Application
Apprentice,CSIR,Central Govt Owned,Research,Online Application
Apprentice,CSIR,Central Govt Owned,Research,Online Application
Apprentice,CSIR,Central Govt Owned,Research,Online Application
Apprentice,CSIR,Central Govt Owned,Research,Online Application
Apprentice,CSIR,Central Govt Owned,Research,Online Application
Apprentice,CSIR,Central Govt Owned,Research,Online Application
Apprentice,PGCIL,Central Govt Undertaking,Power,Postal Application
Apprentice,PGCIL,Central Govt Undertaking,Power,Postal Application
Apprentice,WBPSC,State Govt,Administration,Postal Application
Apprentice,WBPSC,State Govt,Administration,Postal Application
Apprentice,WBPSC,State Govt,Administration,Postal Application
Apprentice,WBPSC,State Govt,Administration,Postal Application
Apprentice,WBPSC,State Govt,Administration,Postal Application
Apprentice,WBPSC,State Govt,Administration,Postal Application
Assistant Engineer,WRD,Central Govt Owned,Water,Postal Application
Fixed Term Engineer,CSIR,Central Govt Owned,Research,3rd Party Portal
Fixed Term Engineer,CSIR,Central Govt Owned,Research,3rd Party Portal
Fixed Term Engineer,CSIR,Central Govt Owned,Research,3rd Party Portal
Fixed Term Engineer,CSIR,Central Govt Owned,Research,3rd Party Portal
Fixed Term Engineer,CSIR,Central Govt Owned,Research,3rd Party Portal
Fixed Term Engineer,CSIR,Central Govt Owned,Research,3rd Party Portal
Fixed Term Engineer,CSIR,Central Govt Owned,Research,3rd Party Portal
Fixed Term Engineer,CSIR,Central Govt Owned,Research,3rd Party Portal
Fixed Term Engineer,CSIR,Central Govt Owned,Research,3rd Party Portal
Fixed Term Engineer,CSIR,Central Govt Owned,Research,3rd Party Portal
Fixed Term Engineer,CSIR,Central Govt Owned,Research,3rd Party Portal
Fixed Term Engineer,CSIR,Central Govt Owned,Research,3rd Party Portal
Fixed Term Engineer,CSIR,Central Govt Owned,Research,3rd Party Portal
Fixed Term Engineer,CSIR,Central Govt Owned,Research,3rd Party Portal
Fixed Term Engineer,CSIR,Central Govt Owned,Research,3rd Party Portal
Fixed Term Engineer,CSIR,Central Govt Owned,Research,3rd Party Portal
Fixed Term Engineer,CSIR,Central Govt Owned,Research,3rd Party Portal
Fixed Term Engineer,CSIR,Central Govt Owned,Research,3rd Party Portal
Fixed Term Engineer,CSIR,Central Govt Owned,Research,3rd Party Portal
Fixed Term Engineer,CSIR,Central Govt Owned,Research,3rd Party Portal
Fixed Term Engineer,CSIR,Central Govt Owned,Research,3rd Party Portal
Fixed Term Engineer,ISI,Autonomous,Higher Education,3rd Party Portal
Fixed Term Engineer,ISI,Autonomous,Higher Education,3rd Party Portal
Fixed Term Engineer,ISI,Autonomous,Higher Education,3rd Party Portal
Fixed Term Engineer,ISI,Autonomous,Higher Education,3rd Party Portal
Fixed Term Engineer,CSIR,Central Govt Owned,Research,3rd Party Portal
Fixed Term Engineer,CSIR,Central Govt Owned,Research,3rd Party Portal
Fixed Term Engineer,CSIR,Central Govt Owned,Research,3rd Party Portal
Fixed Term Engineer,CSIR,Central Govt Owned,Research,3rd Party Portal
Field Engineer,TCIL,Central Govt Undertaking,Telecommunication,Physical Form Submission
Field Engineer,TCIL,Central Govt Undertaking,Telecommunication,Physical Form Submission
Field Engineer,TCIL,Central Govt Undertaking,Telecommunication,Physical Form Submission
Field Engineer,TCIL,Central Govt Undertaking,Telecommunication,Physical Form Submission
Field Engineer,TCIL,Central Govt Undertaking,Telecommunication,Physical Form Submission
Field Engineer,TCIL,Central Govt Undertaking,Telecommunication,Physical Form Submission
Field Engineer,TCIL,Central Govt Undertaking,Telecommunication,Physical Form Submission
Field Engineer,TCIL,Central Govt Undertaking,Telecommunication,Physical Form Submission
Field Engineer,TCIL,Central Govt Undertaking,Telecommunication,Physical Form Submission
Field Engineer,TCIL,Central Govt Undertaking,Telecommunication,Physical Form Submission
Field Engineer,TCIL,Central Govt Undertaking,Telecommunication,Physical Form Submission
Field Engineer,TCIL,Central Govt Undertaking,Telecommunication,Physical Form Submission
Field Engineer,TCIL,Central Govt Undertaking,Telecommunication,Physical Form Submission
Field Engineer,TCIL,Central Govt Undertaking,Telecommunication,Physical Form Submission
Field Engineer,TCIL,Central Govt Undertaking,Telecommunication,Physical Form Submission
Field Engineer,TCIL,Central Govt Undertaking,Telecommunication,Physical Form Submission
Field Engineer,TCIL,Central Govt Undertaking,Telecommunication,Physical Form Submission
Field Engineer,TCIL,Central Govt Undertaking,Telecommunication,Physical Form Submission
Field Engineer,TCIL,Central Govt Undertaking,Telecommunication,Physical Form Submission
Field Engineer,TCIL,Central Govt Undertaking,Telecommunication,Physical Form Submission
Field Engineer,TCIL,Central Govt Undertaking,Telecommunication,Physical Form Submission
Field Engineer,TCIL,Central Govt Undertaking,Telecommunication,Physical Form Submission
Field Engineer,TCIL,Central Govt Undertaking,Telecommunication,Physical Form Submission
Field Engineer,TCIL,Central Govt Undertaking,Telecommunication,Physical Form Submission
Field Engineer,BEL,Central Govt Owned,Electric Machinery,Postal Application
Field Engineer,BEL,Central Govt Owned,Electric Machinery,Postal Application
Field Engineer,BEL,Central Govt Owned,Electric Machinery,Postal Application
Field Engineer,BEL,Central Govt Owned,Electric Machinery,Postal Application
Field Engineer,BEL,Central Govt Owned,Electric Machinery,Postal Application
Field Engineer,BEL,Central Govt Owned,Electric Machinery,Postal Application
Field Engineer,BEL,Central Govt Owned,Electric Machinery,Postal Application
Field Engineer,BEL,Central Govt Owned,Electric Machinery,Postal Application
Field Engineer,BEL,Central Govt Owned,Electric Machinery,Postal Application
Field Engineer,BEL,Central Govt Owned,Electric Machinery,Postal Application
